MSE,MAE,R2,Train Time
131.85978843537413,6.23312925170068,0.9534503320234127,0.015869855880737305
